"Kod sieci";"Nazwa sieci";"Liczba pól lut";"Liczba przelotek";"Długość przelotki";"Długość ścieżki";"Długość rdzenia";"Długość Sieci";"F.Cu";"In1.Cu";"In2.Cu";"B.Cu";
001;"GND";124;53;575,15 mils;49170,40 mils;0,00 mils;49745,55 mils;7710,76 mils;41459,64 mils;0,00 mils;0,00 mils;
002;"Net-(C1-Pad1)";3;0;0,00 mils;264,97 mils;0,00 mils;264,97 mils;264,97 mils;0,00 mils;0,00 mils;0,00 mils;
003;"Net-(C2-Pad1)";3;0;0,00 mils;365,77 mils;0,00 mils;365,77 mils;365,77 mils;0,00 mils;0,00 mils;0,00 mils;
004;"Net-(U1-ISOVCC)";2;0;0,00 mils;295,35 mils;0,00 mils;295,35 mils;295,35 mils;0,00 mils;0,00 mils;0,00 mils;
005;"/controller+DAC/ISOCOM";6;0;0,00 mils;730,02 mils;0,00 mils;730,02 mils;730,02 mils;0,00 mils;0,00 mils;0,00 mils;
006;"Net-(U1-V+)";2;0;0,00 mils;303,92 mils;0,00 mils;303,92 mils;303,92 mils;0,00 mils;0,00 mils;0,00 mils;
007;"Net-(U1-C3+)";2;0;0,00 mils;134,38 mils;0,00 mils;134,38 mils;134,38 mils;0,00 mils;0,00 mils;0,00 mils;
008;"Net-(U1-C3-)";2;0;0,00 mils;130,30 mils;0,00 mils;130,30 mils;130,30 mils;0,00 mils;0,00 mils;0,00 mils;
009;"Net-(U1-C4+)";2;0;0,00 mils;132,49 mils;0,00 mils;132,49 mils;132,49 mils;0,00 mils;0,00 mils;0,00 mils;
010;"Net-(U1-C4-)";2;0;0,00 mils;164,74 mils;0,00 mils;164,74 mils;164,74 mils;0,00 mils;0,00 mils;0,00 mils;
011;"Net-(U1-V-)";2;0;0,00 mils;171,02 mils;0,00 mils;171,02 mils;171,02 mils;0,00 mils;0,00 mils;0,00 mils;
012;"+3V3";40;19;1016,54 mils;14573,51 mils;0,00 mils;15590,04 mils;8814,03 mils;0,00 mils;2227,67 mils;3531,81 mils;
013;"Net-(U1-C1+)";2;0;0,00 mils;181,02 mils;0,00 mils;181,02 mils;181,02 mils;0,00 mils;0,00 mils;0,00 mils;
014;"Net-(U1-C1-)";2;0;0,00 mils;118,71 mils;0,00 mils;118,71 mils;118,71 mils;0,00 mils;0,00 mils;0,00 mils;
015;"Net-(U1-C2-)";2;0;0,00 mils;210,28 mils;0,00 mils;210,28 mils;210,28 mils;0,00 mils;0,00 mils;0,00 mils;
016;"Net-(U1-C2+)";2;0;0,00 mils;392,73 mils;0,00 mils;392,73 mils;392,73 mils;0,00 mils;0,00 mils;0,00 mils;
017;"+12V";16;1;60,43 mils;8032,70 mils;0,00 mils;8093,14 mils;8032,70 mils;0,00 mils;0,00 mils;0,00 mils;
018;"/controller+DAC/U3pV";4;0;0,00 mils;313,55 mils;0,00 mils;313,55 mils;313,55 mils;0,00 mils;0,00 mils;0,00 mils;
019;"GNDA";55;35;827,02 mils;16452,16 mils;0,00 mils;17279,18 mils;4507,71 mils;11944,45 mils;0,00 mils;0,00 mils;
020;"+5VA";29;10;568,70 mils;11522,53 mils;0,00 mils;12091,23 mils;3072,46 mils;0,00 mils;7044,09 mils;1405,98 mils;
021;"/controller+DAC/U4pV";3;0;0,00 mils;446,84 mils;0,00 mils;446,84 mils;446,84 mils;0,00 mils;0,00 mils;0,00 mils;
022;"/controller+DAC/U4mV";3;0;0,00 mils;533,39 mils;0,00 mils;533,39 mils;533,39 mils;0,00 mils;0,00 mils;0,00 mils;
023;"Net-(U3-TRIM)";2;0;0,00 mils;100,85 mils;0,00 mils;100,85 mils;100,85 mils;0,00 mils;0,00 mils;0,00 mils;
024;"/controller+DAC/VREF";6;0;0,00 mils;806,75 mils;0,00 mils;806,75 mils;806,75 mils;0,00 mils;0,00 mils;0,00 mils;
025;"/controller+DAC/VDDI";5;0;0,00 mils;615,74 mils;0,00 mils;615,74 mils;615,74 mils;0,00 mils;0,00 mils;0,00 mils;
026;"/controller+DAC/VSSI";14;1;60,43 mils;2666,19 mils;0,00 mils;2726,62 mils;1483,94 mils;0,00 mils;0,00 mils;1182,25 mils;
027;"/Power grid/12V_pom2";3;0;0,00 mils;590,53 mils;0,00 mils;590,53 mils;590,53 mils;0,00 mils;0,00 mils;0,00 mils;
028;"/Power grid/gnd_pom";4;0;0,00 mils;654,99 mils;0,00 mils;654,99 mils;654,99 mils;0,00 mils;0,00 mils;0,00 mils;
029;"/Power grid/12V_pom1";5;0;0,00 mils;361,70 mils;0,00 mils;361,70 mils;361,70 mils;0,00 mils;0,00 mils;0,00 mils;
030;"/Power grid/12V_pom";5;0;0,00 mils;364,10 mils;0,00 mils;364,10 mils;364,10 mils;0,00 mils;0,00 mils;0,00 mils;
031;"Vdrive";17;3;181,30 mils;5112,02 mils;0,00 mils;5293,32 mils;2285,62 mils;0,00 mils;0,00 mils;2826,40 mils;
032;"+6V";5;0;0,00 mils;562,83 mils;0,00 mils;562,83 mils;562,83 mils;0,00 mils;0,00 mils;0,00 mils;
033;"/Power grid/switch1";3;0;0,00 mils;362,64 mils;0,00 mils;362,64 mils;362,64 mils;0,00 mils;0,00 mils;0,00 mils;
034;"Net-(U7-BST)";2;0;0,00 mils;79,97 mils;0,00 mils;79,97 mils;79,97 mils;0,00 mils;0,00 mils;0,00 mils;
035;"/Power grid/switch";3;0;0,00 mils;339,47 mils;0,00 mils;339,47 mils;339,47 mils;0,00 mils;0,00 mils;0,00 mils;
036;"Net-(U8-BST)";2;0;0,00 mils;79,97 mils;0,00 mils;79,97 mils;79,97 mils;0,00 mils;0,00 mils;0,00 mils;
037;"/Power grid/sw_out1";7;0;0,00 mils;720,65 mils;0,00 mils;720,65 mils;720,65 mils;0,00 mils;0,00 mils;0,00 mils;
038;"Net-(U7-FB)";4;2;120,87 mils;401,93 mils;0,00 mils;522,79 mils;212,22 mils;0,00 mils;0,00 mils;189,71 mils;
039;"/Power grid/sw_out";6;1;60,43 mils;1060,05 mils;0,00 mils;1120,49 mils;475,35 mils;0,00 mils;0,00 mils;584,71 mils;
040;"+15V";23;11;664,76 mils;15873,84 mils;0,00 mils;16538,61 mils;13731,89 mils;0,00 mils;0,00 mils;2141,96 mils;
041;"Net-(C64-Pad1)";2;0;0,00 mils;79,96 mils;0,00 mils;79,96 mils;79,96 mils;0,00 mils;0,00 mils;0,00 mils;
042;"Net-(C67-Pad1)";2;0;0,00 mils;79,96 mils;0,00 mils;79,96 mils;79,96 mils;0,00 mils;0,00 mils;0,00 mils;
043;"/Kasli interface/P3V3_MP";4;0;0,00 mils;927,32 mils;0,00 mils;927,32 mils;927,32 mils;0,00 mils;0,00 mils;0,00 mils;
044;"Net-(U17-IN-)";5;0;0,00 mils;397,13 mils;0,00 mils;397,13 mils;397,13 mils;0,00 mils;0,00 mils;0,00 mils;
045;"/CUR1";5;3;129,77 mils;2907,67 mils;0,00 mils;3037,45 mils;770,90 mils;0,00 mils;826,07 mils;1310,71 mils;
046;"Net-(U16--)";4;0;0,00 mils;324,85 mils;0,00 mils;324,85 mils;324,85 mils;0,00 mils;0,00 mils;0,00 mils;
047;"Net-(U16-+)";4;0;0,00 mils;418,78 mils;0,00 mils;418,78 mils;418,78 mils;0,00 mils;0,00 mils;0,00 mils;
048;"Net-(C81-Pad2)";2;0;0,00 mils;120,70 mils;0,00 mils;120,70 mils;120,70 mils;0,00 mils;0,00 mils;0,00 mils;
049;"/Power amplifier 1/OPA1";7;3;172,39 mils;2729,67 mils;0,00 mils;2902,06 mils;1397,19 mils;0,00 mils;1046,78 mils;285,71 mils;
050;"Net-(U21-IN-)";5;0;0,00 mils;397,13 mils;0,00 mils;397,13 mils;397,13 mils;0,00 mils;0,00 mils;0,00 mils;
051;"Net-(C93-Pad2)";2;0;0,00 mils;120,70 mils;0,00 mils;120,70 mils;120,70 mils;0,00 mils;0,00 mils;0,00 mils;
052;"/CUR2";5;2;120,87 mils;1814,81 mils;0,00 mils;1935,67 mils;590,90 mils;0,00 mils;324,35 mils;899,56 mils;
053;"Net-(U20--)";4;0;0,00 mils;339,63 mils;0,00 mils;339,63 mils;339,63 mils;0,00 mils;0,00 mils;0,00 mils;
054;"Net-(U20-+)";4;0;0,00 mils;465,49 mils;0,00 mils;465,49 mils;465,49 mils;0,00 mils;0,00 mils;0,00 mils;
055;"Net-(U25-IN-)";5;0;0,00 mils;397,13 mils;0,00 mils;397,13 mils;397,13 mils;0,00 mils;0,00 mils;0,00 mils;
056;"/Power amplifier 2/OPA2";7;3;172,39 mils;2783,88 mils;0,00 mils;2956,27 mils;1083,40 mils;0,00 mils;1400,48 mils;300,00 mils;
057;"Net-(C105-Pad2)";2;0;0,00 mils;120,70 mils;0,00 mils;120,70 mils;120,70 mils;0,00 mils;0,00 mils;0,00 mils;
058;"/SPAN1";3;0;0,00 mils;361,76 mils;0,00 mils;361,76 mils;361,76 mils;0,00 mils;0,00 mils;0,00 mils;
059;"/CUR3";5;4;181,30 mils;4520,28 mils;0,00 mils;4701,58 mils;2733,95 mils;0,00 mils;857,63 mils;928,70 mils;
060;"Net-(U24--)";4;0;0,00 mils;346,32 mils;0,00 mils;346,32 mils;346,32 mils;0,00 mils;0,00 mils;0,00 mils;
061;"Net-(U24-+)";4;0;0,00 mils;463,42 mils;0,00 mils;463,42 mils;463,42 mils;0,00 mils;0,00 mils;0,00 mils;
062;"/SPAN2";3;0;0,00 mils;332,58 mils;0,00 mils;332,58 mils;332,58 mils;0,00 mils;0,00 mils;0,00 mils;
063;"/Power amplifier 3/OPA3";7;6;311,07 mils;4910,30 mils;0,00 mils;5221,37 mils;3730,12 mils;0,00 mils;278,34 mils;901,83 mils;
064;"/SPAN3";3;0;0,00 mils;380,54 mils;0,00 mils;380,54 mils;380,54 mils;0,00 mils;0,00 mils;0,00 mils;
065;"P12V0";5;1;60,43 mils;1633,84 mils;0,00 mils;1694,27 mils;468,35 mils;0,00 mils;0,00 mils;1165,49 mils;
066;"/A_SPAN";3;0;0,00 mils;230,50 mils;0,00 mils;230,50 mils;230,50 mils;0,00 mils;0,00 mils;0,00 mils;
067;"/Kasli interface/I2C_SDA";3;2;120,87 mils;812,14 mils;0,00 mils;933,01 mils;672,64 mils;0,00 mils;0,00 mils;139,50 mils;
068;"/Kasli interface/I2C_SCL";3;0;0,00 mils;756,98 mils;0,00 mils;756,98 mils;756,98 mils;0,00 mils;0,00 mils;0,00 mils;
069;"/Power amplifier 1/H1G";6;2;120,87 mils;1475,32 mils;0,00 mils;1596,19 mils;1304,25 mils;0,00 mils;0,00 mils;171,07 mils;
070;"Net-(U10C-+)";4;0;0,00 mils;256,49 mils;0,00 mils;256,49 mils;256,49 mils;0,00 mils;0,00 mils;0,00 mils;
071;"Net-(U10C--)";4;0;0,00 mils;252,71 mils;0,00 mils;252,71 mils;252,71 mils;0,00 mils;0,00 mils;0,00 mils;
072;"Net-(U17-IN+)";2;0;0,00 mils;247,54 mils;0,00 mils;247,54 mils;247,54 mils;0,00 mils;0,00 mils;0,00 mils;
073;"/Power amplifier 2/H2G";6;0;0,00 mils;1313,41 mils;0,00 mils;1313,41 mils;1313,41 mils;0,00 mils;0,00 mils;0,00 mils;
074;"Net-(U10B-+)";4;0;0,00 mils;335,21 mils;0,00 mils;335,21 mils;335,21 mils;0,00 mils;0,00 mils;0,00 mils;
075;"Net-(U10B--)";4;0;0,00 mils;338,28 mils;0,00 mils;338,28 mils;338,28 mils;0,00 mils;0,00 mils;0,00 mils;
076;"Net-(R47-Pad1)";3;2;120,87 mils;869,73 mils;0,00 mils;990,60 mils;367,81 mils;0,00 mils;0,00 mils;501,92 mils;
077;"/Power amplifier 3/H3G";6;2;120,87 mils;1451,02 mils;0,00 mils;1571,88 mils;1202,45 mils;0,00 mils;0,00 mils;248,57 mils;
078;"Net-(U10A-+)";4;0;0,00 mils;335,68 mils;0,00 mils;335,68 mils;335,68 mils;0,00 mils;0,00 mils;0,00 mils;
079;"Net-(U10A--)";4;0;0,00 mils;286,84 mils;0,00 mils;286,84 mils;286,84 mils;0,00 mils;0,00 mils;0,00 mils;
080;"Net-(U21-IN+)";2;0;0,00 mils;245,16 mils;0,00 mils;245,16 mils;245,16 mils;0,00 mils;0,00 mils;0,00 mils;
081;"/controller+DAC/DAC4";2;0;0,00 mils;383,94 mils;0,00 mils;383,94 mils;383,94 mils;0,00 mils;0,00 mils;0,00 mils;
082;"Net-(JP4-B)";3;0;0,00 mils;208,82 mils;0,00 mils;208,82 mils;208,82 mils;0,00 mils;0,00 mils;0,00 mils;
083;"Net-(JP5-B)";3;0;0,00 mils;208,82 mils;0,00 mils;208,82 mils;208,82 mils;0,00 mils;0,00 mils;0,00 mils;
084;"Net-(JP6-B)";3;0;0,00 mils;217,96 mils;0,00 mils;217,96 mils;217,96 mils;0,00 mils;0,00 mils;0,00 mils;
087;"/controller+DAC/RSR1";2;0;0,00 mils;330,16 mils;0,00 mils;330,16 mils;330,16 mils;0,00 mils;0,00 mils;0,00 mils;
089;"/controller+DAC/RST1";2;0;0,00 mils;283,58 mils;0,00 mils;283,58 mils;283,58 mils;0,00 mils;0,00 mils;0,00 mils;
096;"/controller+DAC/RSR2";1;0;0,00 mils;0,00 mils;0,00 mils;0,00 mils;0,00 mils;0,00 mils;0,00 mils;0,00 mils;
098;"/controller+DAC/RST2";1;0;0,00 mils;0,00 mils;0,00 mils;0,00 mils;0,00 mils;0,00 mils;0,00 mils;0,00 mils;
103;"/Kasli interface/LVDS0_P";3;1;60,43 mils;859,73 mils;0,00 mils;920,16 mils;160,22 mils;0,00 mils;0,00 mils;699,51 mils;
104;"/Kasli interface/LVDS0_N";3;1;60,43 mils;705,59 mils;0,00 mils;766,03 mils;160,22 mils;0,00 mils;0,00 mils;545,37 mils;
105;"/Kasli interface/LVDS1_P";3;1;60,43 mils;839,22 mils;0,00 mils;899,65 mils;178,70 mils;0,00 mils;0,00 mils;660,52 mils;
106;"/Kasli interface/LVDS1_N";3;1;60,43 mils;873,31 mils;0,00 mils;933,74 mils;164,80 mils;0,00 mils;0,00 mils;708,51 mils;
107;"/Kasli interface/LVDS2_P";3;1;60,43 mils;856,75 mils;0,00 mils;917,19 mils;158,68 mils;0,00 mils;0,00 mils;698,08 mils;
108;"/Kasli interface/LVDS2_N";3;1;60,43 mils;658,73 mils;0,00 mils;719,16 mils;172,18 mils;0,00 mils;0,00 mils;486,55 mils;
109;"/Kasli interface/LVDS3_P";3;1;60,43 mils;788,44 mils;0,00 mils;848,87 mils;92,98 mils;0,00 mils;0,00 mils;695,46 mils;
110;"/Kasli interface/LVDS3_N";3;1;60,43 mils;889,46 mils;0,00 mils;949,90 mils;94,29 mils;0,00 mils;0,00 mils;795,18 mils;
111;"/Kasli interface/LVDS4_P";1;0;0,00 mils;0,00 mils;0,00 mils;0,00 mils;0,00 mils;0,00 mils;0,00 mils;0,00 mils;
112;"/Kasli interface/LVDS4_N";1;0;0,00 mils;0,00 mils;0,00 mils;0,00 mils;0,00 mils;0,00 mils;0,00 mils;0,00 mils;
113;"/Kasli interface/LVDS5_P";1;0;0,00 mils;0,00 mils;0,00 mils;0,00 mils;0,00 mils;0,00 mils;0,00 mils;0,00 mils;
114;"/Kasli interface/LVDS5_N";1;0;0,00 mils;0,00 mils;0,00 mils;0,00 mils;0,00 mils;0,00 mils;0,00 mils;0,00 mils;
115;"/Kasli interface/LVDS6_P";1;0;0,00 mils;0,00 mils;0,00 mils;0,00 mils;0,00 mils;0,00 mils;0,00 mils;0,00 mils;
116;"/Kasli interface/LVDS6_N";1;0;0,00 mils;0,00 mils;0,00 mils;0,00 mils;0,00 mils;0,00 mils;0,00 mils;0,00 mils;
117;"/Kasli interface/LVDS7_P";1;0;0,00 mils;0,00 mils;0,00 mils;0,00 mils;0,00 mils;0,00 mils;0,00 mils;0,00 mils;
118;"/Kasli interface/LVDS7_N";1;0;0,00 mils;0,00 mils;0,00 mils;0,00 mils;0,00 mils;0,00 mils;0,00 mils;0,00 mils;
119;"/controller+DAC/FOX2";3;0;0,00 mils;526,07 mils;0,00 mils;526,07 mils;526,07 mils;0,00 mils;0,00 mils;0,00 mils;
120;"/controller+DAC/FOX1";3;0;0,00 mils;546,64 mils;0,00 mils;546,64 mils;546,64 mils;0,00 mils;0,00 mils;0,00 mils;
121;"/controller+DAC/FOX4";3;0;0,00 mils;641,45 mils;0,00 mils;641,45 mils;641,45 mils;0,00 mils;0,00 mils;0,00 mils;
122;"/controller+DAC/FIX7";3;0;0,00 mils;360,59 mils;0,00 mils;360,59 mils;360,59 mils;0,00 mils;0,00 mils;0,00 mils;
123;"/Power grid/6V_out";2;0;0,00 mils;378,05 mils;0,00 mils;378,05 mils;378,05 mils;0,00 mils;0,00 mils;0,00 mils;
124;"/Power grid/3V_out";2;0;0,00 mils;211,63 mils;0,00 mils;211,63 mils;211,63 mils;0,00 mils;0,00 mils;0,00 mils;
125;"/DAC1";2;3;120,87 mils;2765,90 mils;0,00 mils;2886,76 mils;812,91 mils;0,00 mils;1265,21 mils;687,78 mils;
126;"/DAC2";2;3;120,87 mils;3424,06 mils;0,00 mils;3544,92 mils;98,04 mils;0,00 mils;1183,49 mils;2142,52 mils;
127;"/DAC3";2;5;241,73 mils;4590,55 mils;0,00 mils;4832,28 mils;3183,21 mils;0,00 mils;869,35 mils;537,99 mils;
128;"/DIR1";3;1;51,53 mils;661,88 mils;0,00 mils;713,41 mils;100,94 mils;0,00 mils;560,94 mils;0,00 mils;
135;"/controller+DAC/~{SYNC}";2;2;120,87 mils;2331,19 mils;0,00 mils;2452,06 mils;2081,19 mils;0,00 mils;0,00 mils;250,00 mils;
139;"/controller+DAC/DAC_MOSI";2;2;120,87 mils;1424,24 mils;0,00 mils;1545,11 mils;254,18 mils;0,00 mils;0,00 mils;1170,06 mils;
140;"/controller+DAC/~{ENABLE}";2;2;120,87 mils;1689,04 mils;0,00 mils;1809,91 mils;438,33 mils;0,00 mils;0,00 mils;1250,71 mils;
141;"/controller+DAC/RXD1";2;1;60,43 mils;1197,69 mils;0,00 mils;1258,13 mils;60,65 mils;0,00 mils;0,00 mils;1137,05 mils;
142;"/controller+DAC/DAC_SCK";2;2;69,34 mils;1431,63 mils;0,00 mils;1500,97 mils;75,15 mils;0,00 mils;242,99 mils;1113,49 mils;
147;"/controller+DAC/LDAC";2;2;120,87 mils;1750,87 mils;0,00 mils;1871,73 mils;468,09 mils;0,00 mils;0,00 mils;1282,78 mils;
148;"/controller+DAC/DAC_RST";2;3;172,39 mils;1733,82 mils;0,00 mils;1906,22 mils;359,83 mils;0,00 mils;330,36 mils;1043,64 mils;
149;"/ES1";2;1;51,53 mils;707,43 mils;0,00 mils;758,95 mils;50,36 mils;0,00 mils;657,07 mils;0,00 mils;
151;"/ES2";2;2;69,34 mils;1421,42 mils;0,00 mils;1490,76 mils;100,00 mils;0,00 mils;846,42 mils;475,00 mils;
152;"Net-(R65-Pad1)";3;2;120,87 mils;918,77 mils;0,00 mils;1039,64 mils;316,14 mils;0,00 mils;0,00 mils;602,63 mils;
154;"/DIR2";3;1;60,43 mils;1366,72 mils;0,00 mils;1427,15 mils;100,94 mils;0,00 mils;0,00 mils;1265,77 mils;
156;"/ES3";2;3;78,25 mils;3928,53 mils;0,00 mils;4006,78 mils;125,36 mils;0,00 mils;1301,57 mils;2501,60 mils;
159;"/DIR3";3;1;60,43 mils;1496,41 mils;0,00 mils;1556,84 mils;136,14 mils;0,00 mils;0,00 mils;1360,27 mils;
176;"/controller+DAC/RSTSEL";2;2;69,34 mils;1769,64 mils;0,00 mils;1838,98 mils;86,30 mils;0,00 mils;464,71 mils;1218,64 mils;
177;"/controller+DAC/TXD1";2;1;60,43 mils;1301,71 mils;0,00 mils;1362,14 mils;58,45 mils;0,00 mils;0,00 mils;1243,26 mils;
178;"/controller+DAC/FIX4";2;0;0,00 mils;527,05 mils;0,00 mils;527,05 mils;527,05 mils;0,00 mils;0,00 mils;0,00 mils;
180;"/controller+DAC/FIX1";2;0;0,00 mils;665,54 mils;0,00 mils;665,54 mils;665,54 mils;0,00 mils;0,00 mils;0,00 mils;
183;"SPI_MOSI";3;2;120,87 mils;4393,06 mils;0,00 mils;4513,93 mils;1586,25 mils;0,00 mils;0,00 mils;2806,81 mils;
184;"/controller+DAC/FIX2";2;0;0,00 mils;715,54 mils;0,00 mils;715,54 mils;715,54 mils;0,00 mils;0,00 mils;0,00 mils;
185;"SPI_MISO";2;3;181,30 mils;4435,55 mils;0,00 mils;4616,85 mils;1103,32 mils;0,00 mils;0,00 mils;3332,23 mils;
186;"/controller+DAC/FOX7";2;0;0,00 mils;577,05 mils;0,00 mils;577,05 mils;577,05 mils;0,00 mils;0,00 mils;0,00 mils;
187;"SPI_NSS";2;2;120,87 mils;4414,03 mils;0,00 mils;4534,90 mils;1283,73 mils;0,00 mils;0,00 mils;3130,30 mils;
189;"SPI_SCK";3;2;120,87 mils;4488,14 mils;0,00 mils;4609,01 mils;1609,61 mils;0,00 mils;0,00 mils;2878,53 mils;
191;"Net-(U25-IN+)";2;0;0,00 mils;247,50 mils;0,00 mils;247,50 mils;247,50 mils;0,00 mils;0,00 mils;0,00 mils;
192;"Net-(R83-Pad1)";3;2;120,87 mils;693,90 mils;0,00 mils;814,77 mils;134,95 mils;0,00 mils;0,00 mils;558,95 mils;
193;"/controller+DAC/TXD2";1;0;0,00 mils;0,00 mils;0,00 mils;0,00 mils;0,00 mils;0,00 mils;0,00 mils;0,00 mils;
194;"/controller+DAC/RXD2";1;0;0,00 mils;0,00 mils;0,00 mils;0,00 mils;0,00 mils;0,00 mils;0,00 mils;0,00 mils;
195;"/controller+DAC/nucleo_746ZG/SD_DET1";2;2;69,34 mils;2380,49 mils;0,00 mils;2449,83 mils;1406,66 mils;0,00 mils;512,49 mils;461,34 mils;
197;"/controller+DAC/nucleo_746ZG/SD_DET2";2;2;69,34 mils;2855,20 mils;0,00 mils;2924,54 mils;1020,37 mils;0,00 mils;421,07 mils;1413,76 mils;
198;"/controller+DAC/nucleo_746ZG/SD_CMD";2;4;190,21 mils;2760,87 mils;0,00 mils;2951,08 mils;918,35 mils;0,00 mils;442,78 mils;1399,74 mils;
199;"/controller+DAC/nucleo_746ZG/SD_CK";2;4;190,21 mils;2561,12 mils;0,00 mils;2751,33 mils;834,20 mils;0,00 mils;420,00 mils;1306,92 mils;
201;"/controller+DAC/nucleo_746ZG/SD_D3";2;4;190,21 mils;2814,97 mils;0,00 mils;3005,18 mils;837,28 mils;0,00 mils;427,43 mils;1550,27 mils;
202;"/controller+DAC/nucleo_746ZG/SD_D2";2;4;190,21 mils;2603,93 mils;0,00 mils;2794,14 mils;760,56 mils;0,00 mils;500,00 mils;1343,37 mils;
204;"/controller+DAC/nucleo_746ZG/SD_D1";2;2;69,34 mils;2110,69 mils;0,00 mils;2180,03 mils;795,13 mils;0,00 mils;385,00 mils;930,56 mils;
205;"/controller+DAC/nucleo_746ZG/SD_D0";2;2;69,34 mils;2090,85 mils;0,00 mils;2160,19 mils;779,42 mils;0,00 mils;391,21 mils;920,21 mils;
207;"Net-(U10D--)";4;0;0,00 mils;240,15 mils;0,00 mils;240,15 mils;240,15 mils;0,00 mils;0,00 mils;0,00 mils;
208;"Net-(PP3-Pad1)";4;1;60,43 mils;797,35 mils;0,00 mils;857,78 mils;327,85 mils;0,00 mils;0,00 mils;469,50 mils;
209;"Net-(Q1-G)";2;2;120,87 mils;249,90 mils;0,00 mils;370,77 mils;62,48 mils;0,00 mils;0,00 mils;187,43 mils;
210;"Net-(Q2-G)";2;0;0,00 mils;214,91 mils;0,00 mils;214,91 mils;214,91 mils;0,00 mils;0,00 mils;0,00 mils;
211;"Net-(U10D-+)";2;0;0,00 mils;84,57 mils;0,00 mils;84,57 mils;84,57 mils;0,00 mils;0,00 mils;0,00 mils;
212;"Net-(U11-2DE)";2;0;0,00 mils;200,57 mils;0,00 mils;200,57 mils;200,57 mils;0,00 mils;0,00 mils;0,00 mils;
213;"Net-(U11-~{2RE})";2;0;0,00 mils;80,20 mils;0,00 mils;80,20 mils;80,20 mils;0,00 mils;0,00 mils;0,00 mils;
214;"Net-(U11-3FSEN)";3;0;0,00 mils;156,23 mils;0,00 mils;156,23 mils;156,23 mils;0,00 mils;0,00 mils;0,00 mils;
215;"Net-(U11-1FSEN)";3;0;0,00 mils;153,50 mils;0,00 mils;153,50 mils;153,50 mils;0,00 mils;0,00 mils;0,00 mils;
216;"Net-(U14-IN_A)";3;0;0,00 mils;257,43 mils;0,00 mils;257,43 mils;257,43 mils;0,00 mils;0,00 mils;0,00 mils;
217;"Net-(U15-IN_A)";3;0;0,00 mils;256,68 mils;0,00 mils;256,68 mils;256,68 mils;0,00 mils;0,00 mils;0,00 mils;
218;"/Power amplifier 1/G1";2;3;120,87 mils;1493,57 mils;0,00 mils;1614,44 mils;113,45 mils;0,00 mils;1082,49 mils;297,63 mils;
219;"Net-(U14-~{OUT_A})";2;0;0,00 mils;107,19 mils;0,00 mils;107,19 mils;107,19 mils;0,00 mils;0,00 mils;0,00 mils;
220;"/Power amplifier 1/G3";2;2;103,05 mils;1252,51 mils;0,00 mils;1355,56 mils;499,52 mils;0,00 mils;752,99 mils;0,00 mils;
221;"Net-(U14-OUT_B)";2;0;0,00 mils;111,73 mils;0,00 mils;111,73 mils;111,73 mils;0,00 mils;0,00 mils;0,00 mils;
222;"/Power amplifier 1/G4";2;2;103,05 mils;1453,38 mils;0,00 mils;1556,44 mils;538,68 mils;0,00 mils;914,71 mils;0,00 mils;
223;"Net-(U15-~{OUT_A})";2;0;0,00 mils;107,96 mils;0,00 mils;107,96 mils;107,96 mils;0,00 mils;0,00 mils;0,00 mils;
224;"/Power amplifier 1/G2";2;2;103,05 mils;1821,24 mils;0,00 mils;1924,29 mils;835,32 mils;0,00 mils;985,92 mils;0,00 mils;
225;"Net-(U15-OUT_B)";2;0;0,00 mils;111,71 mils;0,00 mils;111,71 mils;111,71 mils;0,00 mils;0,00 mils;0,00 mils;
226;"J4_2";3;0;0,00 mils;664,11 mils;0,00 mils;664,11 mils;664,11 mils;0,00 mils;0,00 mils;0,00 mils;
227;"J4_1";510;33;1994,29 mils;23936,01 mils;0,00 mils;25930,30 mils;12075,86 mils;0,00 mils;0,00 mils;11860,15 mils;
228;"Net-(U18-IN_A)";3;0;0,00 mils;253,65 mils;0,00 mils;253,65 mils;253,65 mils;0,00 mils;0,00 mils;0,00 mils;
229;"Net-(U19-IN_A)";3;0;0,00 mils;253,65 mils;0,00 mils;253,65 mils;253,65 mils;0,00 mils;0,00 mils;0,00 mils;
230;"/Power amplifier 2/G1";2;2;103,05 mils;1078,63 mils;0,00 mils;1181,68 mils;300,79 mils;0,00 mils;777,84 mils;0,00 mils;
231;"Net-(U18-~{OUT_A})";2;0;0,00 mils;107,57 mils;0,00 mils;107,57 mils;107,57 mils;0,00 mils;0,00 mils;0,00 mils;
232;"/Power amplifier 2/G3";2;4;138,68 mils;1261,35 mils;0,00 mils;1400,03 mils;206,80 mils;0,00 mils;140,00 mils;914,56 mils;
233;"Net-(U18-OUT_B)";2;0;0,00 mils;112,10 mils;0,00 mils;112,10 mils;112,10 mils;0,00 mils;0,00 mils;0,00 mils;
234;"/Power amplifier 2/G4";2;2;103,05 mils;1801,59 mils;0,00 mils;1904,64 mils;620,88 mils;0,00 mils;1180,71 mils;0,00 mils;
235;"Net-(U19-~{OUT_A})";2;0;0,00 mils;107,96 mils;0,00 mils;107,96 mils;107,96 mils;0,00 mils;0,00 mils;0,00 mils;
236;"/Power amplifier 2/G2";2;2;103,05 mils;1347,11 mils;0,00 mils;1450,16 mils;200,54 mils;0,00 mils;1146,57 mils;0,00 mils;
237;"Net-(U19-OUT_B)";2;0;0,00 mils;111,71 mils;0,00 mils;111,71 mils;111,71 mils;0,00 mils;0,00 mils;0,00 mils;
238;"J4_3";7;2;120,87 mils;2995,54 mils;0,00 mils;3116,41 mils;811,01 mils;0,00 mils;0,00 mils;2184,53 mils;
239;"J4_4";7;2;120,87 mils;3485,69 mils;0,00 mils;3606,56 mils;815,99 mils;0,00 mils;0,00 mils;2669,70 mils;
240;"Net-(U22-IN_A)";3;0;0,00 mils;253,65 mils;0,00 mils;253,65 mils;253,65 mils;0,00 mils;0,00 mils;0,00 mils;
241;"Net-(U23-IN_A)";3;0;0,00 mils;253,65 mils;0,00 mils;253,65 mils;253,65 mils;0,00 mils;0,00 mils;0,00 mils;
242;"/Power amplifier 3/G1";2;0;0,00 mils;455,84 mils;0,00 mils;455,84 mils;455,84 mils;0,00 mils;0,00 mils;0,00 mils;
243;"Net-(U22-~{OUT_A})";2;0;0,00 mils;107,57 mils;0,00 mils;107,57 mils;107,57 mils;0,00 mils;0,00 mils;0,00 mils;
244;"/Power amplifier 3/G3";2;2;103,05 mils;373,07 mils;0,00 mils;476,12 mils;79,37 mils;0,00 mils;293,70 mils;0,00 mils;
245;"Net-(U22-OUT_B)";2;0;0,00 mils;112,10 mils;0,00 mils;112,10 mils;112,10 mils;0,00 mils;0,00 mils;0,00 mils;
246;"/Power amplifier 3/G4";2;2;120,87 mils;299,16 mils;0,00 mils;420,03 mils;209,16 mils;0,00 mils;0,00 mils;90,00 mils;
247;"Net-(U23-~{OUT_A})";2;0;0,00 mils;107,96 mils;0,00 mils;107,96 mils;107,96 mils;0,00 mils;0,00 mils;0,00 mils;
248;"/Power amplifier 3/G2";2;0;0,00 mils;440,48 mils;0,00 mils;440,48 mils;440,48 mils;0,00 mils;0,00 mils;0,00 mils;
249;"Net-(U23-OUT_B)";2;0;0,00 mils;103,82 mils;0,00 mils;103,82 mils;103,82 mils;0,00 mils;0,00 mils;0,00 mils;
250;"J4_5";7;2;120,87 mils;4413,08 mils;0,00 mils;4533,95 mils;646,17 mils;0,00 mils;0,00 mils;3766,91 mils;
251;"J4_6";7;2;120,87 mils;5175,32 mils;0,00 mils;5296,18 mils;812,67 mils;0,00 mils;0,00 mils;4362,64 mils;
252;"Net-(RN2-R4.2)";2;0;0,00 mils;120,82 mils;0,00 mils;120,82 mils;120,82 mils;0,00 mils;0,00 mils;0,00 mils;
253;"Net-(RN2-R3.2)";2;0;0,00 mils;113,77 mils;0,00 mils;113,77 mils;113,77 mils;0,00 mils;0,00 mils;0,00 mils;
254;"Net-(RN2-R2.2)";2;0;0,00 mils;121,44 mils;0,00 mils;121,44 mils;121,44 mils;0,00 mils;0,00 mils;0,00 mils;
255;"Net-(RN2-R1.2)";2;0;0,00 mils;129,10 mils;0,00 mils;129,10 mils;129,10 mils;0,00 mils;0,00 mils;0,00 mils;
292;"J4_7";7;2;120,87 mils;5439,27 mils;0,00 mils;5560,13 mils;507,12 mils;0,00 mils;0,00 mils;4932,15 mils;
293;"J4_8";7;2;120,87 mils;5650,58 mils;0,00 mils;5771,44 mils;506,29 mils;0,00 mils;0,00 mils;5144,28 mils;
